date,EUR_rate,TND_rate
2023-12-02,0.03,0.07
2023-12-03,0.029995991148734344,0.07014307626308826
2023-12-04,0.029978696542742003,0.07028671340822984
2023-12-05,0.030149867390756237,0.07037440855599178
2023-12-06,0.0300126772764631,0.07037833188753058
2023-12-07,0.029851321136675428,0.07051290413472394
2023-12-08,0.02999843816942479,0.07063126696147222
2023-12-09,0.029977505801709603,0.07056045881928401
2023-12-10,0.029910598527843613,0.07044573846470463
2023-12-11,0.03001458899658322,0.07046610972375703
2023-12-12,0.029954027442609533,0.07077591375405606
2023-12-13,0.030136628413964226,0.07052809233892528
2023-12-14,0.03020442100109815,0.0702345872857748
2023-12-15,0.03015562986028358,0.0702675394540221
2023-12-16,0.03037136068161013,0.07027771699439331
2023-12-17,0.030310789189309795,0.07031238532726738
2023-12-18,0.030384998726510726,0.07036117596684908
2023-12-19,0.030414927984551376,0.07031653551592212
2023-12-20,0.030545102113491256,0.07061450820364254
2023-12-21,0.03070125323316394,0.07029432740794724
2023-12-22,0.030704453648070517,0.07012862800299119
2023-12-23,0.0306291118610359,0.07010797705096138
2023-12-24,0.03067510907532981,0.06977933928873055
2023-12-25,0.0306073375383546,0.06974416840784413
2023-12-26,0.030808676263107262,0.07007646244098974
2023-12-27,0.030822329796215537,0.07008063973864893
2023-12-28,0.030785797641084325,0.07012677991979267
2023-12-29,0.030804265671670817,0.06987474696675816
2023-12-30,0.03066955304271785,0.06975147468515026
2023-12-31,0.030572391638866783,0.06967643540908548
2024-01-01,0.030692433029661226,0.06961289238973424
2024-01-02,0.030626743601764088,0.06986922114873499
2024-01-03,0.030522052503495895,0.06998075936088001
2024-01-04,0.030575717778748623,0.0697584677694926
2024-01-05,0.030694288194214922,0.069807768725179
2024-01-06,0.03076618352528143,0.06990741307487837
2024-01-07,0.03086578829386201,0.07013544288258262
2024-01-08,0.030790108785005064,0.0704515510198963
2024-01-09,0.03064792771833088,0.07024853218153072
2024-01-10,0.030798061083526427,0.07008636067928865
2024-01-11,0.030765793099642214,0.06983484510750573
2024-01-12,0.03074070979799671,0.06978804113568433
2024-01-13,0.030873529212181613,0.0698813128105736
2024-01-14,0.030929152213121678,0.07007877971389141
2024-01-15,0.03097474099032984,0.0700635895091629
2024-01-16,0.03119124122481995,0.06999962000451193
2024-01-17,0.031126889401781935,0.07002997160296168
2024-01-18,0.03121967341459006,0.06986294302263567
2024-01-19,0.031225374727079768,0.07028085076697463
2024-01-20,0.0312522339549661,0.06995931856155102
2024-01-21,0.03140508079760735,0.06999626667733017
2024-01-22,0.03145586437323631,0.07040098792117609
2024-01-23,0.03150969398114127,0.07040234789008809
2024-01-24,0.03161694471487225,0.0703643400830878
2024-01-25,0.031580449441917964,0.07029285099852571
2024-01-26,0.03149652847518406,0.07025677266217323
2024-01-27,0.03139204755578196,0.07053134235710853
2024-01-28,0.031195411896844362,0.07008896997484264
2024-01-29,0.0314010326098384,0.07039565671510191
2024-01-30,0.03129071177326623,0.07011086528461188
2024-01-31,0.03126858641090765,0.06761086528461188
2024-02-01,0.031240905080918757,0.067557534818765
2024-02-02,0.03127164575069967,0.06747168593470527
2024-02-03,0.0313532194719536,0.06758939658865942
2024-02-04,0.031439266820789576,0.06726977171828268
2024-02-05,0.03138095907693268,0.06736220625149907
2024-02-06,0.03136424690555404,0.06776706817615644
2024-02-07,0.03139250490060287,0.06749443337523788
2024-02-08,0.031367635787984516,0.06753237460875995
2024-02-09,0.03152837034558652,0.06739997817320063
2024-02-10,0.03157746784075034,0.06748515561443924
2024-02-11,0.031650955619355325,0.0674889851699224
2024-02-12,0.03171724374622207,0.06736068778811354
2024-02-13,0.031834591131970603,0.06745826224508775
2024-02-14,0.031852693287840975,0.0678191318670451
2024-02-15,0.03172301009304539,0.06778095110869964
2024-02-16,0.031762978888220654,0.06792490269712928
2024-02-17,0.031697843198841474,0.06766624810555505
2024-02-18,0.0316449815306665,0.06747496083019144
2024-02-19,0.031703617932542005,0.06756944208576753
2024-02-20,0.03182744623968537,0.06786626529147471
2024-02-21,0.03182957339735898,0.06793738796123185
2024-02-22,0.03186045669861887,0.06787477635512722
2024-02-23,0.0320306781930824,0.06787463463621189
2024-02-24,0.03205475351103126,0.06762455308941795
2024-02-25,0.0323149218224493,0.06774545615468902
2024-02-26,0.032371472787012454,0.0679219227671537
2024-02-27,0.032195396511096874,0.06783150470058708
2024-02-28,0.03227073067320733,0.06773749627103517
2024-02-29,0.032308846511695605,0.06779067191696558
2024-03-01,0.03243782178710388,0.06770332796975746
2024-03-02,0.03250513992223088,0.0676901014468323
2024-03-03,0.0324912943238325,0.06811004580466559
2024-03-04,0.03236886450020356,0.06806064066451639
2024-03-05,0.03234796217447496,0.06798897263411215
2024-03-06,0.03226291012905403,0.06785946427298511
2024-03-07,0.03220485778407356,0.06800830266728511
2024-03-08,0.03226371562451562,0.06797205783264149
2024-03-09,0.03243070607495076,0.0678421832249772
2024-03-10,0.03247017322793305,0.0681064440314318
2024-03-11,0.032350584921729535,0.06839036463233453
2024-03-12,0.03239504518855155,0.06827027991918679
2024-03-13,0.03251470833721611,0.06789697192891467
2024-03-14,0.032453730046784174,0.06809847466688206
2024-03-15,0.03244032833011688,0.06796154870173006
2024-03-16,0.0324417971495898,0.06811967382156262
2024-03-17,0.032363307318281576,0.06561967382156261
2024-03-18,0.032428135361665965,0.06522565305802025
2024-03-19,0.032416040546805185,0.06540417252568011
2024-03-20,0.032457993791195884,0.06516193813982395
2024-03-21,0.032369244573415674,0.06530809096363725
2024-03-22,0.032325498743383335,0.06531094557720454
2024-03-23,0.03239773687916611,0.06512015769332521
2024-03-24,0.032360453563956934,0.06503875043073985
2024-03-25,0.03253314994908028,0.0651760141221312
2024-03-26,0.032493186330518814,0.06519719301275424
2024-03-27,0.032515654803094006,0.06531407560884873
2024-03-28,0.032608913886281315,0.06570936372575183
2024-03-29,0.032467077312988014,0.06539651540340961
2024-03-30,0.03229099643178994,0.06571995791840334
2024-03-31,0.03213843080033293,0.06574082910590798
2024-04-01,0.03226468921067564,0.06556107229624335
2024-04-02,0.0322095033960864,0.06529500957109555
2024-04-03,0.032465323324653225,0.06525718549294014
2024-04-04,0.032408898564787486,0.06544151551532504
2024-04-05,0.03242735369510719,0.06541600569124953
2024-04-06,0.03258156469036398,0.065718236677299
2024-04-07,0.032782173979179895,0.06542800153928868
2024-04-08,0.03298832433684353,0.06542558374971948
2024-04-09,0.03310916095990284,0.06517510506083685
2024-04-10,0.033211567212483986,0.06524783143736183
2024-04-11,0.0332708199074041,0.0654252089153813
2024-04-12,0.03334865601502077,0.06534105655664509
2024-04-13,0.033293537443387915,0.06482021378531966
2024-04-14,0.033211717555045685,0.06486000341467896
2024-04-15,0.03321138010930459,0.06494735112502566
2024-04-16,0.0331943616470521,0.065028210076018
2024-04-17,0.03314903884211937,0.06527536651438243
2024-04-18,0.033218677586865045,0.06506115577845262
2024-04-19,0.03331420810772209,0.06519719899954271
2024-04-20,0.03332304879635128,0.0654357005020383
2024-04-21,0.0334708018044568,0.065079982985237
2024-04-22,0.03335663289304345,0.06514391335042079
2024-04-23,0.033337266947115474,0.06504307738421926
2024-04-24,0.033265584715055196,0.06502677284959893
2024-04-25,0.03307893105334789,0.0650963081463066
2024-04-26,0.03307066298476362,0.06499886243348389
2024-04-27,0.03305848823392529,0.06486372081765157
2024-04-28,0.03320983320824951,0.06487055130114917
2024-04-29,0.03327291437670499,0.06465310211337662
2024-04-30,0.033170495694272065,0.06443593708759958
2024-05-01,0.033355904950905485,0.06457181174419088
2024-05-02,0.03347800832045802,0.06434205293715915
2024-05-03,0.03353621809080488,0.06447531543734099
2024-05-04,0.0335135696809199,0.06456783369591178
2024-05-05,0.03341762575724755,0.06422267235015366
2024-05-06,0.03338040507964044,0.06408715941968654
2024-05-07,0.03348927994161086,0.06432598130029601
2024-05-08,0.033677738572204324,0.06412974819406808
2024-05-09,0.03383206292503154,0.0640368673416062
2024-05-10,0.033783177982852915,0.06412927952025659
2024-05-11,0.033671216239524016,0.0642859576221131
2024-05-12,0.033685304864215136,0.06423564984490421
2024-05-13,0.03350846092765885,0.06411614780596588
2024-05-14,0.033540777699077325,0.06440062177830558
2024-05-15,0.033526017440447455,0.06474840171106509
2024-05-16,0.03347941379026063,0.06494417332122145
2024-05-17,0.03331994348353395,0.06496123694973445
2024-05-18,0.033371303494190915,0.06479958380540626
2024-05-19,0.033318033410224726,0.06463349492409495
2024-05-20,0.033201041726653696,0.0647379977451481
2024-05-21,0.03291381550532553,0.06482167738932584
2024-05-22,0.03291106401482047,0.06510199710791513
2024-05-23,0.033088289174487445,0.06523208712642235
2024-05-24,0.03325441509594223,0.06493147106607039
2024-05-25,0.0332087054702836,0.06514186058961498
2024-05-26,0.03314848426424742,0.0649422484641521
2024-05-27,0.03319536168985492,0.06486545420976163
2024-05-28,0.03309552314593609,0.06491549425101197
2024-05-29,0.033125702335918036,0.06531462774896876
2024-05-30,0.0332023103637565,0.06593661146016984
2024-05-31,0.03332500368614493,0.06605795607199708
2024-06-01,0.03331498827849694,0.066021316748253
2024-06-02,0.03329462090347924,0.0661282178779491
2024-06-03,0.03320682264480358,0.06630574896312387
2024-06-04,0.0331241346093996,0.06624161543801244
2024-06-05,0.03310148672020945,0.0666006577091949
2024-06-06,0.03313822327089107,0.06664667186103318
2024-06-07,0.033229581733514396,0.06674622047885145
2024-06-08,0.03314926383844636,0.06687940532926234
2024-06-09,0.03329853269534231,0.06696372265138523
2024-06-10,0.033271420335238056,0.06713151075147915
2024-06-11,0.03326928360580321,0.06700806011416977
2024-06-12,0.03319456243788843,0.06689639976338056
2024-06-13,0.032952138411861134,0.06667636891678623
2024-06-14,0.03304054295149724,0.06676426916291027
2024-06-15,0.03311422734120648,0.0669200564636127
2024-06-16,0.03308609458549466,0.06701161103684307
2024-06-17,0.03309279365721715,0.06734650952351258
2024-06-18,0.033144387578987564,0.06734539031974678
2024-06-19,0.03298813299329891,0.06747913865086527
2024-06-20,0.03293522772556428,0.06726079847563741
2024-06-21,0.03301465419352646,0.06718337853514253
2024-06-22,0.03288922525120954,0.06732248608665568
2024-06-23,0.0329185810444262,0.0674923065088043
2024-06-24,0.03278292286396386,0.06743351311927147
2024-06-25,0.03282956586220721,0.06741919326889985
2024-06-26,0.03282600171397747,0.06711561851956369
2024-06-27,0.03266448853238692,0.06704421267940236
2024-06-28,0.03278096246783264,0.06722228931210632
2024-06-29,0.03270750331015283,0.06733733031532763
2024-06-30,0.03262647806645139,0.06743746345960387
2024-07-01,0.03264653498617449,0.06744741819704006
2024-07-02,0.03276139872111736,0.0674488308287657
2024-07-03,0.03265981653921952,0.067316766600871
2024-07-04,0.032665984524204314,0.06745653228491151
2024-07-05,0.03270886617423737,0.06754072687378938
2024-07-06,0.032778176734963686,0.06763913064338795
2024-07-07,0.032795820890491406,0.06753392367485443
2024-07-08,0.03275911810658307,0.06710325509088018
2024-07-09,0.0326763590845182,0.06732268563323092
2024-07-10,0.032684973472822836,0.06722691814202923
2024-07-11,0.032577759571624273,0.06705436298922061
2024-07-12,0.03228562452327481,0.06719305877160342
2024-07-13,0.03232928050369058,0.06711465624361959
2024-07-14,0.0324196739877992,0.06732664352042891
2024-07-15,0.03218338074424502,0.06745004471034426
2024-07-16,0.03208240767377402,0.06758675857498435
2024-07-17,0.03214432309987454,0.06731356743274425
2024-07-18,0.03235007264684571,0.06755595622982152
2024-07-19,0.03235215201761325,0.06760820633606829
2024-07-20,0.03227935172349034,0.06753435090821905
2024-07-21,0.03226106207937986,0.0675630286016875
2024-07-22,0.032398549721294675,0.06720778155510784
2024-07-23,0.03233395330338222,0.06728951211740397
2024-07-24,0.0322540341027172,0.06708363781576755
2024-07-25,0.032205759750499,0.06681310375859885
2024-07-26,0.032110426889673124,0.06650863192135527
2024-07-27,0.0321226939212726,0.06673116959635325
2024-07-28,0.032285161767119555,0.06660531691761469
2024-07-29,0.03231746969443116,0.06691206245959799
2024-07-30,0.03229223434421853,0.06680490216698753
2024-07-31,0.032263053217326976,0.06646343057546894
2024-08-01,0.03210673413645731,0.06624012568747921
2024-08-02,0.032195045114172025,0.0664872880114806
2024-08-03,0.03218726139447074,0.06645610837589326
2024-08-04,0.03216921340311168,0.06634645091659513
2024-08-05,0.032488524159896164,0.06637845456176569
2024-08-06,0.03251839945073273,0.0664788111089992
2024-08-07,0.032443220345723216,0.06670229087217969
2024-08-08,0.03240058458610266,0.06699199071815827
2024-08-09,0.03251542915702234,0.06692003698900045
2024-08-10,0.032526756198076115,0.06665482745178404
2024-08-11,0.03238292840024438,0.06657213441955939
2024-08-12,0.032474851293701895,0.06662419052087597
2024-08-13,0.032408036885148,0.06643143873563384
2024-08-14,0.03259536666276975,0.06624000855265483
2024-08-15,0.032703371469341214,0.0663087661289648
2024-08-16,0.03265863927977534,0.06629903565865071
2024-08-17,0.032786740915948846,0.06630559505773302
2024-08-18,0.03279352646700159,0.06615389599079301
2024-08-19,0.03287880383451381,0.06610781584795185
2024-08-20,0.032927277116243256,0.06592296921909818
2024-08-21,0.03284264145074417,0.06610100890132314
2024-08-22,0.03277828646751242,0.0663080587682679
2024-08-23,0.03288128254927054,0.06593882119582027
2024-08-24,0.03284780501605988,0.06575291902378179
2024-08-25,0.032807440169735684,0.06545361317276377
2024-08-26,0.03271192791180075,0.06532360838588239
2024-08-27,0.032754287818360095,0.06530692079192431
2024-08-28,0.03296054031028441,0.0650169917479846
2024-08-29,0.032853787018858986,0.06483261978535954
2024-08-30,0.03285620896452626,0.06463182831094323
2024-08-31,0.0329974310200678,0.06467328177682302
2024-09-01,0.03298946688094323,0.06468715064423027
2024-09-02,0.0330347040605682,0.06454280313356281
2024-09-03,0.03292846470775351,0.0645781673079907
2024-09-04,0.032971295417474275,0.06446883129107324
2024-09-05,0.03295258099097382,0.06441450026900802
2024-09-06,0.03305115399054181,0.06474919068706773
2024-09-07,0.03316989259569828,0.06501728289742581
2024-09-08,0.03342884895990014,0.0647573666500403
2024-09-09,0.0334868122772215,0.06492331313361613
2024-09-10,0.03351939190887972,0.06508559244451445
2024-09-11,0.03353883033903745,0.06485593978676393
2024-09-12,0.03350351370975638,0.06501969531551491
2024-09-13,0.033537362094102546,0.06532728169919742
2024-09-14,0.03350782195308864,0.06510277273794854
2024-09-15,0.033524668050715606,0.06491927217374568
2024-09-16,0.033656427804276405,0.06512280446711438
2024-09-17,0.03355577354774844,0.06517710352927951
2024-09-18,0.03366976140386135,0.06528739878432742
2024-09-19,0.033801472910595334,0.06535551662760752
2024-09-20,0.033789666057896225,0.06543365581179315
2024-09-21,0.033577480567995366,0.06516836138613094
2024-09-22,0.033516698369285926,0.06537782492745522
2024-09-23,0.033646397823942034,0.06561174292594078
2024-09-24,0.03364411101771215,0.06556586477712718
2024-09-25,0.03354418079448266,0.06555716938716441
2024-09-26,0.03349370330235984,0.06525094788665327
2024-09-27,0.03357776530501029,0.06535379883785683
2024-09-28,0.03363243866183043,0.06546821032619966
2024-09-29,0.03360854545191346,0.06545577212279981
2024-09-30,0.03357186301073199,0.06568064279477391
2024-10-01,0.03353268719582761,0.06561382734857792
2024-10-02,0.03344044617737776,0.06572674853375664
2024-10-03,0.0336019837463247,0.06552281566601821
2024-10-04,0.033569751699403565,0.06551810523584337
2024-10-05,0.033691467551486116,0.0654832343842628
2024-10-06,0.03384359915667836,0.06552829596867099
2024-10-07,0.033943430246493156,0.06545439058290432
2024-10-08,0.03390026821522135,0.06542809606377
2024-10-09,0.03394064122425501,0.0655933054980583
2024-10-10,0.03393822166361592,0.06550595265061065
2024-10-11,0.033847851477542906,0.06518463723046292
2024-10-12,0.03388028740571507,0.065534554011304
2024-10-13,0.03376238342659909,0.0658108448270421
2024-10-14,0.03388115136544525,0.06555239228802097
2024-10-15,0.03383468963571541,0.06569033384907001
2024-10-16,0.0338548056013027,0.06558973889495974
2024-10-17,0.03388313438845731,0.06564243633802595
2024-10-18,0.0338572438910869,0.06570128116382865
2024-10-19,0.03391591327123443,0.06565439960376539
2024-10-20,0.033868422905572175,0.06549764647064811
2024-10-21,0.0339555526353179,0.06535953826018485
2024-10-22,0.03382095466729323,0.0651762998770886
2024-10-23,0.03383359262524787,0.06500993543544252
2024-10-24,0.0340274855251537,0.06499649977743265
2024-10-25,0.033927452392693146,0.06485334777961049
2024-10-26,0.033859677895640664,0.06498975819275302
2024-10-27,0.03391106868060655,0.0652872074238202
2024-10-28,0.03392902685880051,0.0651711967755462
2024-10-29,0.03396408986872787,0.06521907767565327
2024-10-30,0.03401300858174264,0.06531901469771385
2024-10-31,0.03407648072859881,0.0654134151518977
2024-11-01,0.034187450712794436,0.06542860620548092
2024-11-02,0.03422843257848729,0.06557714268915286
2024-11-03,0.034204306813025435,0.065673592479689
2024-11-04,0.03427156418314571,0.06542605999522354
2024-11-05,0.03446155237663523,0.06559989120810139
2024-11-06,0.03444828900199697,0.06577734937555474
2024-11-07,0.03435083607152991,0.06562469215471903
2024-11-08,0.03446154413845861,0.06563227972180855
2024-11-09,0.03444950602206325,0.06576894552037076
2024-11-10,0.034232239067461846,0.06572708275645488
2024-11-11,0.03431698123517689,0.06594167836600807
2024-11-12,0.03426344841658149,0.06641445286493194
2024-11-13,0.034254395088351076,0.06625725565840494
2024-11-14,0.03428759312140798,0.06598104673777419
2024-11-15,0.034306643089385885,0.0709810467377742
2024-11-16,0.03437758827109979,0.07104181045689517
2024-11-17,0.03433403963404281,0.0711861229579204
2024-11-18,0.03438535021386042,0.07113994968315145
2024-11-19,0.034359395546102026,0.07143060181581565
2024-11-20,0.03443327659419078,0.071162880655871
2024-11-21,0.034494813342592086,0.07130146438047731
2024-11-22,0.03440126947238763,0.07118029221632553
2024-11-23,0.03450986768400513,0.071524167797567
2024-11-24,0.03445627133949373,0.07192267086820062
2024-11-25,0.03453707711932184,0.07176933955064395
2024-11-26,0.03457380585066198,0.07165942812346224
2024-11-27,0.03475762421834149,0.0718313457008582
2024-11-28,0.0347352776201043,0.0717539195709003
2024-11-29,0.03470034594049248,0.07174483732731385
2024-11-30,0.03469840397990371,0.07174991501142233
2024-12-01,0.03466808600162028,0.0713659803801828
2024-12-02,0.03474808019181449,0.07136321283096395
2024-12-03,0.03458644913097083,0.07122526727615111
2024-12-04,0.034481080889056194,0.07112664271167116
2024-12-05,0.03437430059689828,0.07141536911236492
2024-12-06,0.03446933135609564,0.07116406773350907
2024-12-07,0.03464039269335383,0.07132670877085867
2024-12-08,0.03462994777150009,0.07127091618479231
2024-12-09,0.034613065599181085,0.07121496415109314
2024-12-10,0.034620070815492406,0.07137303853030348
2024-12-11,0.03473625864575323,0.07144104878921725
2024-12-12,0.03464352333233417,0.07155517138866116
2024-12-13,0.034667360230607645,0.07174880832076773
2024-12-14,0.034764879993585886,0.07168254664413107
2024-12-15,0.03481498941057987,0.07156009929722952
2024-12-16,0.034833947572239746,0.07134306919191796
2024-12-17,0.03493405218149646,0.07117798708592217
2024-12-18,0.034663728952196535,0.07176780597098392
2024-12-19,0.03473151648414963,0.07201674188713128
2024-12-20,0.034666108915836887,0.07174652701388967
2024-12-21,0.03448304562615124,0.07148203542254096
2024-12-22,0.03453416588610374,0.07157840863488465
2024-12-23,0.034671531740620036,0.07168786159436025
2024-12-24,0.034657786889157265,0.07179763836142372
2024-12-25,0.03475307434387756,0.07174664720271298
2024-12-26,0.03491430216967643,0.0717215563507124
2024-12-27,0.035045793615034834,0.07178713225554427
2024-12-28,0.03520979006797197,0.07180431085680293
2024-12-29,0.03528400281707916,0.07136045078225342
2024-12-30,0.03529154618096932,0.07131449085613838
2024-12-31,0.03513134959977961,0.07114420956928631
2025-01-01,0.03510674335096661,0.07117925185306802
2025-01-02,0.03502241869143499,0.0717763036535887
2025-01-03,0.035239512963184776,0.07184979998668356
2025-01-04,0.03522192438194154,0.07178709404944908
2025-01-05,0.035234244862619994,0.07197145434984453
2025-01-06,0.035289393400224044,0.07206799192728637
2025-01-07,0.035293753644861287,0.07215201082537674
2025-01-08,0.03546325874890436,0.07227338094401987
2025-01-09,0.035400993812730916,0.07268468965698578
2025-01-10,0.03542045455825464,0.0724585119699206
2025-01-11,0.03534620749968483,0.0725532383852829
2025-01-12,0.03521420524856276,0.07236796215928659
2025-01-13,0.03515302833947223,0.07247906468855504
2025-01-14,0.03514932465976739,0.07229532738625782
2025-01-15,0.03510639443731566,0.0722118540235368
2025-01-16,0.035037152339328276,0.07215283604068923
2025-01-17,0.03489652059296109,0.07234799938455817
2025-01-18,0.03488821003569822,0.07253169027334666
2025-01-19,0.03473773799829512,0.07228254679805739
2025-01-20,0.034813743594664076,0.07229353362025735
2025-01-21,0.034821987569957524,0.07215161764930751
2025-01-22,0.034676232420011034,0.07189991666717245
2025-01-23,0.03464531151230605,0.07185651325708757
2025-01-24,0.03457009587174699,0.07179481669939641
2025-01-25,0.03460201332278891,0.07228015999666552
2025-01-26,0.03473605836739122,0.07236675196173767
2025-01-27,0.03454854112042665,0.07209122846158682
2025-01-28,0.03456004372834139,0.07197827366075263
2025-01-29,0.03454403044878473,0.07218255031983851
2025-01-30,0.034611164456429776,0.0726002388744125
2025-01-31,0.03463248411925354,0.07228304221196491
2025-02-01,0.03455728718607966,0.0719070573349371
2025-02-02,0.034525381792512994,0.07228125037001146
2025-02-03,0.034445779206832644,0.07235917320548564
2025-02-04,0.034553379920692504,0.07218551465911037
2025-02-05,0.034555511085559695,0.07229244047633486
2025-02-06,0.034745630154134996,0.07176529092853148
2025-02-07,0.03473956407275353,0.07176596602985091
2025-02-08,0.03466872339606249,0.07183153026441953
2025-02-09,0.0345173519568012,0.0720163842923271
2025-02-10,0.03433703798917561,0.07181360510186859
2025-02-11,0.03183703798917561,0.07183074253414926
2025-02-12,0.03167862439487506,0.07164565760893733
2025-02-13,0.031705337059976205,0.07169673436007219
2025-02-14,0.0317562095622992,0.07151766509559959
2025-02-15,0.031598090492095984,0.07143604492776755
2025-02-16,0.0316875943235036,0.0712368818488095
2025-02-17,0.031639288218335254,0.07136710909717423
2025-02-18,0.03165396751953381,0.07153879932050555
2025-02-19,0.03181518958235935,0.07149187520651407
2025-02-20,0.0319048735139459,0.07149952280550607
2025-02-21,0.03187802044915532,0.07120980452257937
2025-02-22,0.03178890122661379,0.07114986919297801
2025-02-23,0.03157371968648086,0.07113982826956966
2025-02-24,0.031501804354556615,0.07166398688777566
2025-02-25,0.03148069133067385,0.07144159348262083
2025-02-26,0.03138197337795873,0.07173442893037131
2025-02-27,0.0313688476812495,0.07193380068506447
2025-02-28,0.03137653286954538,0.0719899279659625
2025-03-01,0.03135404727136457,0.07234165206280152
2025-03-02,0.03128904701328223,0.07241607315732289
2025-03-03,0.031305912480478905,0.07249390499645647
2025-03-04,0.031350106545435845,0.07248328086585296
2025-03-05,0.03124106663769156,0.07272799464233669
2025-03-06,0.031382159875666185,0.07294728848909887
2025-03-07,0.03137230106243776,0.07282215303159963
2025-03-08,0.03137418602473225,0.07255830359267987
2025-03-09,0.0314450074670579,0.07251770746520074
2025-03-10,0.03146832908018425,0.07235769975232122
2025-03-11,0.03156364274357558,0.07234499483739815
2025-03-12,0.03159235516009576,0.07259248246433497
2025-03-13,0.031531111422631715,0.07250102213331762
2025-03-14,0.031567261775152324,0.0724924574570553
2025-03-15,0.03145288915442026,0.07250406200401699
2025-03-16,0.03146374512499791,0.07267374818045805
2025-03-17,0.03146042212593346,0.07222437031366112
2025-03-18,0.031439610440206205,0.07210303025470806
2025-03-19,0.031426756689062314,0.07214528699316396
2025-03-20,0.031238571784512552,0.07238530278444932
2025-03-21,0.031183699293738456,0.07228692229494808
2025-03-22,0.031192983783852567,0.07191161175373971
2025-03-23,0.031208969423052308,0.07203555404293294
2025-03-24,0.031106201908959713,0.07190848156516781
2025-03-25,0.031232772693046182,0.07167054823334974
2025-03-26,0.03114615520822473,0.0715456791554071
2025-03-27,0.031243100928277406,0.07150877408387593
2025-03-28,0.031285820364464575,0.0713878251509683
2025-03-29,0.031221197633480195,0.07094671193954848
2025-03-30,0.031398728722741145,0.0711261251789259
2025-03-31,0.0312793650395655,0.07138110018718165
2025-04-01,0.0313712804569265,0.07151140458544955
2025-04-02,0.031471338688730796,0.07128386745136459
2025-04-03,0.03140427666782313,0.07124356914457508
2025-04-04,0.03154352319782956,0.07124226488152918
2025-04-05,0.03151851854636967,0.07136202375944156
2025-04-06,0.031547387909297654,0.07149569185718518
2025-04-07,0.03157342009317478,0.07134885709742948
2025-04-08,0.03155998921902772,0.07136525620871219
2025-04-09,0.0316410700463437,0.07145671228963524
2025-04-10,0.03172041891839892,0.07174787675406459
2025-04-11,0.0315455657210751,0.07188877806202953
2025-04-12,0.031675999745362914,0.07204658939950463
2025-04-13,0.03150975054655935,0.0720633547250905
2025-04-14,0.031613005166993516,0.0723454465541312
2025-04-15,0.031725675680676274,0.07242739911332309
2025-04-16,0.03161657903765475,0.07225518153128838
2025-04-17,0.0315754976088593,0.07253585552531341
2025-04-18,0.031464927142010705,0.07267543617982122
2025-04-19,0.03144343503898183,0.07258682737559553
2025-04-20,0.031412631610563256,0.07249092878211569
2025-04-21,0.03149059766379019,0.07255024389114384
2025-04-22,0.031621628538402155,0.07264288085019735
2025-04-23,0.03176119691948115,0.07268233930332359
2025-04-24,0.03170498011682332,0.07274460103801217
2025-04-25,0.03168405792944887,0.07308459251292744
2025-04-26,0.03151571411022677,0.07329890114337442
2025-04-27,0.031435127103577154,0.07333702826162743
2025-04-28,0.0315316122668869,0.07352529037778092
2025-04-29,0.03169317054924173,0.07331878559707541
2025-04-30,0.03156973566205373,0.07339837100706477
2025-05-01,0.031510489236138445,0.0737602322770114
2025-05-02,0.03150784866044255,0.07371662309793292
2025-05-03,0.031535864776324515,0.0735470963122091
2025-05-04,0.03145490442433235,0.07341667853449049
2025-05-05,0.031497310528778764,0.07319875192702202
2025-05-06,0.03144992659407167,0.07304179954539648
2025-05-07,0.03144848136698384,0.07296769792567848
2025-05-08,0.03150310979178421,0.07268658452184275
2025-05-09,0.031503752018765305,0.07268970818863267
2025-05-10,0.031460113429712645,0.06768970818863267
2025-05-11,0.03144915244932006,0.06787016362338999
2025-05-12,0.031440316153399525,0.06768861238736061
2025-05-13,0.031403315050411315,0.06799246917208897
2025-05-14,0.031377435444144605,0.06809462758979448
2025-05-15,0.031537300161195075,0.0683007437069193
2025-05-16,0.0315933921059892,0.06816917679614887
2025-05-17,0.03156384407418628,0.06834008184156219
2025-05-18,0.031633539514637356,0.06812169506148313
2025-05-19,0.03160015756566176,0.06829974456165043
2025-05-20,0.03171747002942042,0.06833411242960914
2025-05-21,0.03175443424864023,0.0684447626736061
2025-05-22,0.03174370403423981,0.06820964375248112
2025-05-23,0.031788475726820836,0.0680306297840258
2025-05-24,0.031631388111613985,0.06815007542767647
2025-05-25,0.03151871136472301,0.06796040582683163
2025-05-26,0.0313993188640831,0.06805304708525145
2025-05-27,0.03141361317355947,0.0677796195239594
2025-05-28,0.031586864673507985,0.06794925436649274
2025-05-29,0.03180999468812725,0.06770274970353904
2025-05-30,0.031873799798271325,0.06781320969107495
2025-05-31,0.03192388424576577,0.06793833587780415
2025-06-01,0.03174377847235049,0.06779898151411824
2025-06-02,0.03168951109237709,0.06791538682753519
2025-06-03,0.031610732717186264,0.0679674752802019
2025-06-04,0.031548647957361155,0.06785970690896335
2025-06-05,0.031531833575502675,0.06765799597214811
2025-06-06,0.03148462451773296,0.0672654708338136
2025-06-07,0.031286694536695386,0.06733540084327354
2025-06-08,0.03136148556230714,0.06702244028900113
2025-06-09,0.03125421125973316,0.0670415091288894
2025-06-10,0.03127813594614428,0.06698881948567295
2025-06-11,0.031485544213119276,0.06712464804076058
2025-06-12,0.031393605753960635,0.06706423894086261
2025-06-13,0.031140577001686,0.06699834938359318
2025-06-14,0.03111197657949799,0.06714472352445085
2025-06-15,0.031222072542997848,0.06721173513026767
2025-06-16,0.03141790728841991,0.06727496632170422
2025-06-17,0.03129495232897467,0.06736881983966593
2025-06-18,0.03134462225129832,0.06706170541502451
2025-06-19,0.03129809120562031,0.0672130631510219
2025-06-20,0.0312874963701899,0.06733555690982462
2025-06-21,0.0315519307048916,0.06713222028410933
2025-06-22,0.031401633672052086,0.06708340418937449
2025-06-23,0.03142700763820154,0.06707554273184896
2025-06-24,0.031473776955378084,0.06704864337496862
2025-06-25,0.03158235558787202,0.06711541536828232
2025-06-26,0.03159215390321911,0.06740168872464855
2025-06-27,0.03162295895716952,0.06761804207018311
2025-06-28,0.03158379410042734,0.06735559823149684
2025-06-29,0.03161070679455185,0.06748001222955805
2025-06-30,0.03157638756700211,0.06774579889346513
2025-07-01,0.031638544755987714,0.06782316059760297
2025-07-02,0.03160158372238335,0.06804135668264016
2025-07-03,0.03163929376177357,0.06844381077178031
2025-07-04,0.03163636748040507,0.06864855268100171
2025-07-05,0.03174897250548229,0.06869841440013007
2025-07-06,0.03174383313312344,0.06890743209494701
2025-07-07,0.031566529886302756,0.06893640966156639
2025-07-08,0.03169272203637415,0.06894119027022338
2025-07-09,0.031602148806287894,0.06887090742308064
2025-07-10,0.03153677217242301,0.06918359009484705
2025-07-11,0.03147720604301866,0.06901990436165865
2025-07-12,0.03161464985233574,0.06932637790659428
2025-07-13,0.031401082430937866,0.06942635073134236
2025-07-14,0.031714857284303864,0.06692635073134236
2025-07-15,0.03182046296521047,0.06664648949638197
2025-07-16,0.03184278685662338,0.06672001935498025
2025-07-17,0.031837297456561754,0.06630001405344992
2025-07-18,0.03186585286404752,0.06642511565681612
2025-07-19,0.03191796510688546,0.06660216195341392
2025-07-20,0.03198248666548047,0.06648369076228351
2025-07-21,0.03203804711208081,0.06650840030147463
2025-07-22,0.03204700518020633,0.06689923178822468
2025-07-23,0.0320272713381756,0.0667980824473723
2025-07-24,0.03201214400981025,0.06658630092996098
2025-07-25,0.03199265318177498,0.0668826336104535
2025-07-26,0.03210603019146169,0.06727515104855966
2025-07-27,0.03216538586368977,0.06727589018292923
2025-07-28,0.03187134700022334,0.0674781827900109
2025-07-29,0.03193693707787632,0.0699781827900109
2025-07-30,0.0319564106973482,0.07024647797311707
2025-07-31,0.031954539821703605,0.0700979811266094
2025-08-01,0.03191568797639471,0.07000091995953582
2025-08-02,0.03202809924839332,0.07024709486216676
2025-08-03,0.032122851894605606,0.07058409771790847
2025-08-04,0.032045564127823244,0.07069667388994334
2025-08-05,0.0320862693565357,0.07052071101924293
2025-08-06,0.03198910368308157,0.07091812324158281
2025-08-07,0.03185114186660268,0.07081192906202041
2025-08-08,0.03178847014414368,0.07074490150578612
2025-08-09,0.03187470949138196,0.07081336907268404
2025-08-10,0.03197002199591956,0.071124201156827
2025-08-11,0.03202133053792929,0.07129499635213744
2025-08-12,0.03209384011661409,0.07137796945220982
2025-08-13,0.03214545794532559,0.07147062715823345
2025-08-14,0.03208130978580329,0.07147933009196214
2025-08-15,0.03212450204027069,0.07159095799486584
2025-08-16,0.032204542992793454,0.07108504597932698
2025-08-17,0.03227997212577481,0.07102572448751301
2025-08-18,0.03239886346292228,0.07107398887449637
2025-08-19,0.03246969384764238,0.07084378605777247
2025-08-20,0.03250483866839654,0.07092105072133478
2025-08-21,0.03261185369222818,0.07088015647713757
2025-08-22,0.03260920156630327,0.07123125161680066
2025-08-23,0.0325210141011805,0.07154585556184363
2025-08-24,0.03250470740478613,0.07145269444802
2025-08-25,0.03243021714030549,0.07142252690570665
2025-08-26,0.03236269931280805,0.07140773739258496
2025-08-27,0.0323482474457365,0.07131740549735303
2025-08-28,0.03226900545363651,0.07135641049415865
2025-08-29,0.0322382093006726,0.07120475408038114
2025-08-30,0.032048847833977226,0.07097863101339363
2025-08-31,0.03207017720471452,0.07110317325817368
2025-09-01,0.032070297752250745,0.07122907917501804
2025-09-02,0.031988588889143924,0.07106821602308605
2025-09-03,0.032054513455987164,0.07124728710923857
2025-09-04,0.03214827046974982,0.07112097156340551
2025-09-05,0.031987514483312926,0.0711716046110131
2025-09-06,0.0319112420054563,0.0713356734135356
2025-09-07,0.03183432777047757,0.07132895090059485
2025-09-08,0.03174033746036669,0.07141989908302308
2025-09-09,0.03182328494455986,0.07131661315424558
2025-09-10,0.03180390233068258,0.07127731983755996
2025-09-11,0.03177745084655152,0.07123614795138389
2025-09-12,0.031577064610110846,0.07108683228207584
2025-09-13,0.03164060641313177,0.07105147744945269
2025-09-14,0.03151668057364642,0.07074175378967994
2025-09-15,0.03152267383667305,0.07064352304025151
2025-09-16,0.03155041153046887,0.07058654794157758
2025-09-17,0.03168647739005274,0.0705353119910785
2025-09-18,0.031555595350140825,0.07048701250190434
2025-09-19,0.03125364413455874,0.07047465966193231
2025-09-20,0.03127202908903411,0.07057054796554953
2025-09-21,0.0314520802071852,0.07074545138037604
2025-09-22,0.03157597484247914,0.07061549833500638
2025-09-23,0.03159694078400661,0.07037485816392855
2025-09-24,0.0315477771654434,0.07016644928147993
2025-09-25,0.03162848942510713,0.07006900869724095
2025-09-26,0.03153113480513669,0.06999862443367764
2025-09-27,0.03157877058207231,0.06984462522043815
2025-09-28,0.031629317597988975,0.06958540188758817
2025-09-29,0.031735338588738865,0.06949417772209333
2025-09-30,0.03201130459262997,0.06953046304611613
2025-10-01,0.03205054618934785,0.06964946893928324
2025-10-02,0.031999649826777096,0.06953798432866158
2025-10-03,0.0319970923955579,0.0694553847642329
2025-10-04,0.031820184805068985,0.06927004510246343
2025-10-05,0.03175071349196008,0.06926375726838847
2025-10-06,0.03170978524814877,0.06909407154155031
2025-10-07,0.03165737640835531,0.06920869710419855
2025-10-08,0.03167261189555868,0.06885152380581173
2025-10-09,0.03159036990232046,0.06877959787132124
2025-10-10,0.03170247296905291,0.06883981933915959
2025-10-11,0.03170249367554473,0.06887658624242408
2025-10-12,0.031701563643430866,0.06941519297522018
2025-10-13,0.03166877417177957,0.06948515298013376
2025-10-14,0.03168429324016547,0.06928434206076536
2025-10-15,0.03176680306663224,0.06926524921134755
2025-10-16,0.03168009004506115,0.06890999994465426
2025-10-17,0.031614278396153626,0.0688938799947949
2025-10-18,0.03158390579327596,0.06872726878339475
2025-10-19,0.03144931870092864,0.06891034683850678
2025-10-20,0.031367392914956486,0.06880043878358767
2025-10-21,0.03131977082760202,0.06877708560042863
2025-10-22,0.03140720974567329,0.06864997403214775
2025-10-23,0.031433465878573486,0.06899774430251841
2025-10-24,0.03145282486971024,0.06893349574929483
2025-10-25,0.031537914665927036,0.06930000715799067
2025-10-26,0.03152417748708709,0.06946283751041432
2025-10-27,0.03156322397207998,0.0695592508558814
2025-10-28,0.03155290179678673,0.0696329974853449
2025-10-29,0.03157943803172669,0.06971175694498816
2025-10-30,0.03152116216596553,0.06932622242911904
2025-10-31,0.03127728045013789,0.06927044575028889
2025-11-01,0.03126385253391926,0.06943947734452575
2025-11-02,0.031406127347529254,0.06942969790783093
2025-11-03,0.03149874888775341,0.06914865993847022
2025-11-04,0.031595288636212526,0.06913817904835473
2025-11-05,0.03171890170839315,0.06947900015160582
2025-11-06,0.031727767467489294,0.06972837849471276
2025-11-07,0.031747499038229855,0.06971597769283956
2025-11-08,0.03168573384868642,0.06990626754825117
2025-11-09,0.031654126563083716,0.06983296614417757
2025-11-10,0.03171570367806083,0.06949219182681222
2025-11-11,0.03183609212177771,0.06930729862918632
2025-11-12,0.03182214749420961,0.06961987638288795
2025-11-13,0.03177712856772447,0.0695650777665221
2025-11-14,0.03177718136361013,0.0695164009706471
2025-11-15,0.03183730203850304,0.06945643333139212
2025-11-16,0.03169291655688968,0.06983726064930672
2025-11-17,0.03146329846157596,0.07016245243237913
2025-11-18,0.0314082447766268,0.07060620847906876
2025-11-19,0.031286173534035386,0.07057439943698875
2025-11-20,0.031235359514270655,0.07063352433473817
2025-11-21,0.031220581482388907,0.07033019582485402
2025-11-22,0.031175256641486605,0.07062558271007767
2025-11-23,0.03132050339493368,0.07039202679982408
2025-11-24,0.03135317787139391,0.0704353819125766
2025-11-25,0.031383225307354996,0.07021592140705003
2025-11-26,0.03144544602175934,0.0700981480417023
2025-11-27,0.03133156270998126,0.06993069555549235
2025-11-28,0.03143547388872329,0.06980912050335718
2025-11-29,0.03142789746006974,0.06970129596272738
2025-11-30,0.03149494552179386,0.06959164220374237
2025-12-01,0.031387759798489845,0.06975830898609843
2025-12-02,0.03123238392188824,0.06953733642748593
2025-12-03,0.03131417288769074,0.0695814447128887
2025-12-04,0.031351813840300495,0.06982503654334982
2025-12-05,0.031261608684864745,0.06972239727044714
2025-12-06,0.031174642376737276,0.06957881349229762
2025-12-07,0.03128718585517875,0.06953270856726157
2025-12-08,0.031168244665892016,0.06976865360893371
2025-12-09,0.03133251196121761,0.06980747513512438
2025-12-10,0.031242449887752825,0.06970123227620285
2025-12-11,0.03130628908031366,0.06979800760644046
2025-12-12,0.03127342723273876,0.06957754917647317
2025-12-13,0.03133374597584699,0.06971382107856176
2025-12-14,0.03127933457563557,0.06979554254010212
2025-12-15,0.031263055285028346,0.06973398084587434
2025-12-16,0.031267147202567916,0.0695662636861849
2025-12-17,0.03116692845698977,0.06938892750172822
2025-12-18,0.031241010891531782,0.0694958909689974
2025-12-19,0.031189689534884622,0.06974168706949521
2025-12-20,0.03116682954335062,0.06961422552008946
2025-12-21,0.03106739460588977,0.06970590286079975
2025-12-22,0.03081116124001024,0.06928849745707934
2025-12-23,0.030792058463750223,0.0691715739109479
2025-12-24,0.031033320005911514,0.06916536212437371
2025-12-25,0.031111780434701315,0.06898342544097735
2025-12-26,0.031109854396727876,0.06879612416601943
2025-12-27,0.03108356531380705,0.06866256825472565
2025-12-28,0.031085811903088255,0.06872100680039092
2025-12-29,0.031140523814605775,0.06868354099670965
2025-12-30,0.03102244253307489,0.06823589475004466
2025-12-31,0.031133874702541777,0.06781175471951764
